# name	kind	minY	maxY	threshold	widths@180px
gold	GOLD	0.18	0.65	0.88	8,12,18,26,31,32,33,38
blue	BLUE	0.18	0.65	0.86	10,16,22,27,28,29,30,42
bomb	BOMB	0.18	0.66	0.85	12,18,26,38,39,40,41,52
car_red	BLOCK	0.18	0.64	0.87	16,24,34,45,46,47,48,68,90
truck	BLOCK	0.18	0.64	0.87	12,18,26,27,28,38,52,72
bus_side	BLOCK	0.2	0.6	0.9	12,18,26,30,31,32,38,52
tall_x	BLOCK	0.2	0.64	0.88	12,18,26,31,32,33,38,52
crate	JUMP	0.2	0.64	0.88	12,18,22,23,24,26,38,52
low_barrier	JUMP	0.2	0.64	0.87	12,18,26,29,30,31,38,52
duck_bar	SLIDE	0.23	0.64	0.91	44,62,88,124,125,126,160
barrel_air	BARREL	0.2	0.68	0.87	12,18,26,27,28,29,38,52,72
portal_city	PORTAL	0.18	0.6	0.89	18,26,37,38,39,52,72
portal_beach	PORTAL	0.18	0.6	0.89	18,26,36,37,38,52,72
boss_truck	BOSS	0.12	0.36	0.88	42,60,82,85,86,87,106,130
boss_plane	BOSS	0.12	0.36	0.88	42,60,65,66,67,82,106
jetpack	AIR	0.55	0.81	0.88	26,36,37,38,52,66
player_head	PLAYER	0.57	0.79	0.9	38,50,57,58,59,62,78
